max,mean,min,mode,n,nmiss,pct_mode,pct_q01,pct_q99,q01,q05,q25,q50,q75,q95,q99,std,trim_mean,trim_std,variable
-1.0,-1088.429562687117,-2922.0,-120.0,4080671,0,0.0010013059126795568,0.010056189288477312,0.010332124300145736,-2838.0,-2593.0,-1795.0,-895.0,-327.0,-66.0,-18.0,839.3486963453416,-1088.092942067616,838.3904065302539,DAYS_INSTALMENT
3094108.245,7829.587270875645,0.0,9000.0,4080671,1707,0.06024646436823748,0.010159358595681936,0.009996395200691259,1.665,28.8,321.705,2475.0,7788.375,22500.0,108765.0,27941.191750729944,6637.944025891137,14118.232900343251,AMT_PAYMENT
0.0,0.0,0.0,0.0,4080671,0,1.0,1.0,1.0,0.0,0.0,0.0,0.0,0.0,0.0,0.0,0.0,0.0,0.0,NUM_INSTALMENT_VERSION
-1.0,-1091.2899925079016,-2952.0,-91.0,4080671,1707,0.0010478668826768931,0.010015019588690194,0.010590660212499365,-2844.0,-2599.0,-1800.0,-896.0,-329.0,-68.0,-20.0,840.8722093738808,-1090.9587949293007,839.8849681522009,DAYS_ENTRY_PAYMENT
277.0,45.22141187074381,1.0,5.0,4080671,0,0.016126024371972157,0.016106909868499567,0.010388242521879367,1.0,4.0,16.0,37.0,67.0,112.0,148.0,35.36019151516459,45.032501027404564,34.7151636994859,NUM_INSTALMENT_NUMBER
3094108.245,7949.030156140992,0.0,9000.0,4080671,0,0.06224785090491245,0.010072608156844793,0.010000316124480508,1.8,32.625,335.925,2796.39,7875.0,22613.085,108693.0,27941.946000053198,6756.960812013508,14128.194875807614,AMT_INSTALMENT
