max,mean,min,mode,n,nmiss,pct_mode,pct_q01,pct_q99,q01,q05,q25,q50,q75,q95,q99,std,trim_mean,trim_std,variable
4.0,1.0072326618899554,1.0,1.0,103558,0,0.9928542459298171,0.9928542459298171,1.0,1.0,1.0,1.0,1.0,1.0,1.0,1.0,0.08586937860759407,1.0,0.0,SK_ID_PREV
456250.0,278381.45795592805,100006.0,100006.0,103558,0,9.656424419166072e-06,0.01000405569825605,0.010013712122675216,103523.0,118051.0,189536.0,278648.0,367684.0,438404.0,452874.0,102779.51968344845,278381.8943007783,102718.99522145174,SK_ID_CURR
