max,mean,min,mode,n,nmiss,pct_mode,pct_q01,pct_q99,q01,q05,q25,q50,q75,q95,q99,std,trim_mean,trim_std,variable
-2.0,-1033.9281253393644,-4921.0,-245.0,9522662,1184,0.0009340875482086836,0.010018312106425703,0.010512396638670993,-2834.0,-2542.0,-1595.0,-805.0,-385.0,-101.0,-33.0,782.100647625976,-1033.5656972583458,780.8331266533613,DAYS_ENTRY_PAYMENT
128.0,7.578405702103046,1.0,1.0,9522662,0,0.09851226474277885,0.09851226474277885,0.010695013642193748,1.0,1.0,3.0,6.0,10.0,20.0,29.0,7.4053575168167285,7.371778185553578,5.797973580164763,NUM_INSTALMENT_NUMBER
3771487.845,21264.516505574044,0.0,45000.0,9522662,1184,0.001193993864320712,0.010003400309703316,0.010018837169690577,11.61,1361.61,5683.095,10663.92,19842.615,52999.92,225000.0,62355.39770779985,18292.576394882704,28456.313985979898,AMT_PAYMENT
3771487.845,20946.88902897949,0.0,10492.02,9522662,0,0.001043510732608172,0.010000564968073004,0.010000144917461104,1938.465,3072.195,6459.885,11378.61,20598.885,51732.765,171490.68,57141.8292366999,18011.566442900636,22678.121574276473,AMT_INSTALMENT
-2.0,-1022.5135862220039,-2922.0,-240.0,9522662,0,0.0008133229972879432,0.010095286381056053,0.010222666729114191,-2828.0,-2533.0,-1584.0,-793.0,-373.0,-89.0,-23.0,783.1214246492798,-1022.1391568870133,781.8958842406058,DAYS_INSTALMENT
178.0,1.223871329256462,1.0,1.0,9522662,0,0.891021439173206,0.891021439173206,0.013155880151999514,1.0,1.0,1.0,1.0,1.0,2.0,5.0,1.040026684246656,1.1849490195073604,0.627078988659889,NUM_INSTALMENT_VERSION
