max,mean,min,mode,n,nmiss,pct_mode,pct_q01,pct_q99,q01,q05,q25,q50,q75,q95,q99,std,trim_mean,trim_std,variable
92.0,17.089650453164907,1.0,12.0,10001358,26071,0.24965059744886645,0.03326288290050211,0.01923028852681806,4.0,6.0,10.0,12.0,24.0,45.0,60.0,11.995055980335954,17.104642503017708,11.966396037496358,CNT_INSTALMENT
3595.0,0.654468423188131,0.0,0.0,10001358,0,0.988604647488871,0.988604647488871,0.011395352511128989,0.0,0.0,0.0,0.0,0.0,0.0,1.0,32.76249054396254,0.011395352511128989,0.10613905774347676,SK_DPD_DEF
4231.0,11.606928279139693,0.0,0.0,10001358,0,0.970481308638287,0.970481308638287,0.010006241152451497,0.0,0.0,0.0,0.0,0.0,0.0,235.0,132.7140434930959,2.8573391733402604,24.532439604659288,SK_DPD
-1.0,-35.012587990550884,-96.0,-10.0,10001358,0,0.0216411611303185,0.011484640385835604,0.02644010943313898,-94.0,-85.0,-54.0,-28.0,-13.0,-4.0,-2.0,26.066569967590546,-35.010938014617615,26.02878067914826,MONTHS_BALANCE
85.0,10.483840388897706,0.0,0.0,10001358,26087,0.11857989685000776,0.11857989685000776,0.00997464544314882,0.0,0.0,3.0,7.0,14.0,35.0,53.0,11.109057668950738,10.446096852907555,10.95451596020263,CNT_INSTALMENT_FUTURE
